session_name          ,Head-Neck Length ,Neck-Chest Length ,Chest-Ab Length ,Ab-Hip Length ,Neck-LShoulder Length ,Neck-RShoulder Length ,LShoulder-LUArm Length ,LUArm-LFArm Length ,LFArm-LHand Length ,RShoulder-RUArm Length ,RUArm-RFArm Length ,RFArm-RHand Length ,Hip-LThigh Length ,LThigh-LShin Length ,LShin-LFoot Length ,LFoot-LToe Length ,Hip-RThigh Length ,RThigh-RShin Length ,RShin-RFoot Length ,RFoot-RToe Length,Upper Body Height ,Standing Height L,Upper Leg Length A ,Upper Leg Length L ,Upper Leg Length R ,Upper Arm Length A ,Upper Arm L ,Upper Arm R ,Biacromial Breadth ,Bideltoid Width ,Wingspan  ,Foot Length A ,Foot Length L ,Foot Length R
M-SMC-06282023-13     ,107.9108,185.8101,226.94,97.3697,40.2823,40.2823,77.4301,323.739,233.6911,77.43,323.7392,233.6912,94.3533,400.5681,412.9019,154.2468,94.3533,400.5681,412.9021,154.2469,618.0306,1431.5006,400.5681,,,323.7391,,,80.5646,235.4247,1350.2852,154.24685,,
M-SMC-06282023-13_001 ,147.4605,225.8101,206.9399,77.3697,65.8911,65.8911,77.43,323.739,233.691,77.43,323.739,233.691,94.3533,400.568,412.902,154.2468,94.3533,400.568,412.902,154.2468,657.5802,1471.0502,400.568,,,323.739,,,131.7822,286.6422,1401.5022,154.2468,,
M-SMC-06282023-12     ,99.8079,192.1041,234.271,93.1132,35.7394,35.7394,73.7949,322.0662,228.2032,73.795,322.0661,228.2031,89.1626,379.5851,384.701,145.7612,89.1626,379.5851,384.701,145.7612,619.2962,1383.5823,379.5851,,,322.06615,,,71.4788,219.0687,1319.6073,145.7612,,
M-SMC-06282023-10     ,149.6947,228.4391,209.282,78.5422,73.6346,73.6346,121.36,299.358,287.013,121.36,299.358,287.013,95.7832,479.613,396.067,156.5845,95.7832,479.613,396.067,156.5845,665.958,1541.638,479.613,,,299.358,,,147.2692,389.9892,1562.7312,156.5845,,
M-SMC-07262023-26     ,112.0523,210.94,251.5391,99.5453,40.8745,40.8745,79.5791,340.3632,265.4813,79.5792,340.3632,265.4813,97.0064,410.4921,431.9979,158.5845,97.0064,410.4921,431.9982,158.5843,674.0767,1516.5667,410.4921,,,340.3632,,,81.749,240.9073,1452.5963,158.5844,,
M-SMC-07262023-27     ,110.4912,218.3969,259.195,98.7252,38.6965,38.6965,93.153,310.6941,237.3241,93.153,310.6939,237.3241,96.0062,425.893,424.6831,156.9485,96.0062,425.8931,424.6831,156.9486,686.8083,1537.3844,425.89305,,,310.694,,,77.393,263.699,1359.7352,156.94855,,
M-SMC-06282023-11     ,99.218,191.4881,233.731,92.8034,36.4226,36.4226,82.4936,279.8371,244.7512,82.4936,279.8371,244.7511,88.7847,375.4881,378.4311,145.1433,88.7847,375.4881,378.4311,145.1432,617.2405,1371.1597,375.4881,,,279.8371,,,72.8452,237.8324,1287.0089,145.14325,,
M-SMC-06272023-05     ,130.5251,205.821,189.1171,68.4843,58.3461,58.3461,68.5275,260.02,216.193,68.5275,260.02,216.193,83.5174,345.151,361.107,136.5323,83.5174,345.151,361.107,136.5323,593.9475,1300.2055,345.151,,,260.02,,,116.6922,253.7472,1206.1732,136.5323,,
M-SMC-07242023-18     ,99.4716,194.017,236.227,92.9367,35.8899,35.8899,84.0013,287.3662,226.7002,84.0013,287.3661,226.7002,88.9472,376.362,417.258,145.4092,88.9472,376.3619,417.258,145.4093,622.6523,1416.2723,376.36195,,,287.36615,,,71.7798,239.7824,1267.9151,145.40925,,
M-SMC-07242023-19     ,104.5733,189.476,231.0331,95.6169,38.8088,38.8088,90.6444,285.6982,227.6502,90.6445,285.6979,227.65,92.2157,419.9911,396.5362,150.7527,92.2157,419.991,396.5361,150.7526,620.6993,1437.2266,419.99105,,,285.69805,,,77.6176,258.9065,1285.6028,150.75265,,
M-SMC-06272023-04     ,160.1579,215.5221,195.027,84.032,59.5087,59.5087,94.2543,391.1911,223.958,94.2543,391.1911,223.958,102.478,529.3619,435.3881,167.5288,102.478,529.3619,435.3881,167.5288,654.739,1619.489,529.3619,,,391.1911,,,119.0174,307.526,1537.8242,167.5288,,
M-SMC-06272023-06     ,115.4459,200.148,240.312,101.3276,40.1735,40.1735,81.2037,340.7291,251.0523,81.2036,340.7291,251.052,99.18,429.8332,440.6612,162.1375,99.18,429.8331,440.6612,162.1373,657.2335,1527.7279,429.83315,,,340.7291,,,80.347,242.7543,1426.3168,162.1374,,
M-SMC-07242023-19_001 ,104.5731,189.4763,231.0329,95.6169,38.8086,38.8089,90.6446,285.698,227.6501,90.6445,285.698,227.6502,92.2158,419.9911,396.5362,150.7527,92.2158,419.9912,396.536,150.7528,620.6992,1437.2265,419.99115,,,285.698,,,77.6175,258.9066,1285.6029,150.75275,,
M-SMC-06272023-07     ,112.2581,199.3009,239.8732,99.6533,40.6347,40.6347,99.9155,334.0359,262.5181,99.9153,334.0361,262.5183,97.1382,453.33,442.587,158.7993,97.1382,453.33,442.5871,158.7991,651.0855,1547.0025,453.33,,,334.036,,,81.2694,281.1002,1474.2086,158.7992,,
M-SMC-07262023-25-M   ,94.4735,144.653,187.5052,90.3106,36.4847,36.4847,77.895,289.6973,207.9722,77.895,289.6972,207.9723,85.7446,415.1601,365.1891,140.1735,85.7446,415.1602,365.1891,140.1736,516.9423,1297.2915,415.16015,,,289.69725,,,72.9694,228.7594,1224.0984,140.17355,,
M-SMC-06282023-11_001 ,99.218,191.488,233.731,92.8035,36.4226,36.4226,82.4936,279.8372,244.751,82.4936,279.8372,244.7511,88.7847,375.4882,378.4309,145.1434,88.7847,375.4881,378.4311,145.1433,617.2405,1371.1596,375.48815,,,279.8372,,,72.8452,237.8324,1287.0089,145.14335,,
M-SMC-06292023-15     ,104.3828,195.4203,237.002,95.5167,37.1904,37.1903,90.3573,315.9693,251.0032,90.3572,315.9691,251.003,92.0935,416.7179,386.583,150.5523,92.0935,416.7181,386.5831,150.5523,632.3218,1435.6227,416.718,,,315.9692,,,74.3807,255.0952,1389.0398,150.5523,,
M-SMC-06292023-14     ,105.5019,189.418,230.856,96.1042,37.9327,37.9327,86.1457,312.1271,246.6121,86.1457,312.1272,246.612,92.81,429.0381,386.3951,151.7239,92.81,429.0381,386.3951,151.7237,621.8801,1437.3133,429.0381,,,312.12715,,,75.8654,248.1568,1365.6352,151.7238,,
M-SMC-06292023-16     ,95.3221,168.9331,211.6751,90.7566,35.8457,35.8457,72.0066,298.967,197.7729,72.0067,298.9671,197.7732,86.2885,411.7282,352.0151,141.0628,86.2885,411.7281,352.015,141.0629,566.6869,1330.4302,411.72815,,,298.96705,,,71.6914,215.7047,1209.1849,141.06285,,
M-SMC-06292023-17     ,99.4797,189.754,231.9639,92.941,35.9942,35.9942,72.8209,281.8911,218.8712,72.821,281.891,218.8711,88.9524,379.8162,377.287,145.4178,88.9524,379.8161,377.2871,145.4179,614.1386,1371.2418,379.81615,,,281.89105,,,71.9884,217.6303,1219.1547,145.41785,,
M-SMC-06272023-05_003 ,130.5251,205.821,189.1171,68.4843,58.3461,58.3461,68.5275,260.02,216.193,68.5275,260.02,216.193,83.5174,345.151,361.107,136.5323,83.5174,345.151,361.107,136.5323,593.9475,1300.2055,345.151,,,260.02,,,116.6922,253.7472,1206.1732,136.5323,,
M-SMC-07272023-31     ,115.5405,212.5361,252.688,101.3771,42.7667,42.7666,95.3037,322.7971,254.8059,95.3038,322.7971,254.806,99.2404,424.3741,443.0669,162.2365,99.2404,424.374,443.0673,162.2364,682.1417,1549.5827,424.37405,,,322.7971,,,85.5333,276.1408,1431.3469,162.23645,,
M-SMC-07272023-30     ,160.2406,240.224,219.717,84.0751,54.2295,54.2295,84.4527,351.645,251.222,84.4527,351.645,251.222,102.531,491.754,453.437,167.6149,102.531,491.754,453.437,167.6149,704.2567,1649.4477,491.754,,,351.645,,,108.459,277.3644,1483.0984,167.6149,,
M-SMC-06272023-05_002 ,90.9981,165.8211,209.1171,88.4843,34.3177,34.3177,68.5276,260.0202,216.1932,68.5276,260.02,216.1932,83.5174,345.1512,361.107,136.5324,83.5174,345.151,361.1071,136.5324,554.4206,1260.6788,345.1511,,,260.0201,,,68.6354,205.6906,1158.1172,136.5324,,
M-SMC-07272023-32     ,109.1267,187.274,228.248,98.0086,43.7679,43.768,101.0441,306.9431,250.7181,101.0439,306.9435,250.7179,95.1323,388.3722,458.2089,155.5198,95.1323,388.372,458.2093,155.5199,622.6573,1469.2384,388.3721,,,306.9433,,,87.5359,289.6239,1404.9465,155.51985,,
M-SMC-07272023-33     ,123.6983,218.552,257.659,105.6617,43.2283,43.2283,112.39,315.051,288.2381,112.39,315.0511,288.2381,104.465,429.131,490.947,170.7777,104.465,429.1309,490.9472,170.7778,705.571,1625.649,429.13095,,,315.05105,,,86.4566,311.2366,1517.8149,170.77775,,
M-SMC-06272023-05_001 ,130.5251,205.821,189.1171,68.4843,58.3461,58.3461,68.5275,260.02,216.193,68.5275,260.02,216.193,83.5174,345.151,361.107,136.5323,83.5174,345.151,361.107,136.5323,593.9475,1300.2055,345.151,,,260.02,,,116.6922,253.7472,1206.1732,136.5323,,
M-SMC-06272023-08     ,92.5063,170.9602,214.063,89.2767,33.9307,33.9307,69.7721,285.4242,214.1461,69.7721,285.4242,214.1461,84.4838,363.4132,349.8262,138.1126,84.4838,363.4131,349.8261,138.1126,566.8062,1280.0456,363.41315,,,285.4242,,,67.8614,207.4056,1206.5462,138.1126,,
M-SMC-07252023-22     ,96.8486,179.2321,221.7779,91.5583,34.6719,34.6719,72.5674,282.119,227.2441,72.5674,282.119,227.2441,87.2662,394.872,372.0131,142.6607,87.2662,394.8721,372.0131,142.6606,589.4169,1356.302,394.87205,,,282.119,,,69.3438,214.4786,1233.2048,142.66065,,
M-SMC-07282023-35     ,106.246,189.7128,231.055,96.4951,37.759,37.7591,103.112,315.0701,253.2201,103.112,315.0702,253.22,93.2868,405.0212,422.058,152.5032,93.2868,405.021,422.0581,152.503,623.5089,1450.5881,405.0211,,,315.07015,,,75.5181,281.7421,1418.3225,152.5031,,
M-SMC-06262023-03     ,101.4435,165.7779,207.7362,93.9727,36.6539,36.6539,76.9298,318.307,235.2471,76.9297,318.3072,235.2469,90.2105,406.833,436.357,147.4744,90.2105,406.8331,436.3571,147.4744,568.9303,1412.1203,406.83305,,,318.3071,,,73.3078,227.1673,1334.2755,147.4744,,
M-SMC-06262023-02     ,95.0795,163.259,206.0319,90.6287,38.6418,38.6418,94.0796,274.5449,183.4261,94.0796,274.5449,183.4261,86.1326,369.6249,376.3509,140.8078,86.1326,369.6248,376.3511,140.8077,554.9991,1300.9749,369.62485,,,274.5449,,,77.2836,265.4428,1181.3848,140.80775,,
M-SMC-07282023-34     ,108.3822,241.497,282.5658,97.6174,38.106,38.1059,83.0071,301.26,268.6622,83.0071,301.26,268.662,94.6554,361.9609,397.9439,154.7404,94.6554,361.9609,397.9441,154.7406,730.0624,1489.9672,361.9609,,,301.26,,,76.2119,242.2261,1382.0703,154.7405,,
M-SMC-07252023-20_001 ,103.3466,141.2592,182.973,94.9721,37.651,37.651,85.1971,310.765,239.1401,85.197,310.7652,239.1401,91.4294,458.2002,420.465,149.4668,91.4294,458.2002,420.4651,149.4668,522.5509,1401.2161,458.2002,,,310.7651,,,75.302,245.6961,1345.5065,149.4668,,
M-SMC-07252023-23     ,139.7969,228.2415,208.0785,69.3618,42.0102,42.0102,76.0089,299.4591,248.3759,76.0088,299.4591,248.3761,92.5307,419.0361,413.564,151.2672,92.5307,419.0361,413.5641,151.2672,645.4787,1478.0788,419.0361,,,299.4591,,,84.0204,236.0381,1331.7083,151.2672,,
M-SMC-07252023-21     ,92.3615,186.3621,229.484,89.2005,34.3027,34.3027,69.3744,273.065,228.9341,69.3743,273.0651,228.9342,84.3908,356.4499,348.4668,137.9602,84.3908,356.4499,348.467,137.9601,597.4081,1302.3248,356.4499,,,273.06505,,,68.6054,207.3541,1211.3525,137.96015,,
M-SMC-07282023-36     ,104.2861,172.2611,213.855,95.4661,37.0221,37.0221,97.3989,289.4432,224.4061,97.399,289.443,224.4061,92.0319,418.2791,431.4541,150.4518,92.0319,418.2791,431.454,150.4518,585.8683,1435.6015,418.2791,,,289.4431,,,74.0442,268.8421,1296.5405,150.4518,,
M-SMC-06262023-01     ,104.7596,191.502,233.0351,95.7146,38.5344,38.5343,75.6643,317.5071,239.9549,75.6644,317.5071,239.9551,92.3348,423.2722,408.8312,150.9468,92.3348,423.2719,408.831,150.9467,625.0113,1457.1147,423.27205,,,317.5071,,,77.0687,228.3974,1343.3216,150.94675,,
M-SMC-07252023-20     ,103.3466,141.2594,182.9729,94.9721,37.6509,37.6511,85.1971,310.765,239.1401,85.197,310.7652,239.1402,91.4294,458.2002,420.4653,149.4669,91.4294,458.2003,420.4651,149.4668,522.551,1401.2165,458.20025,,,310.7651,,,75.302,245.6961,1345.5066,149.46685,,
M-SMC-07252023-24     ,107.7426,175.7821,216.933,97.2817,37.7263,37.7263,84.5025,328.2382,253.86,84.5025,328.2381,253.86,94.2459,447.1452,430.8422,154.0714,94.2459,447.1453,430.8422,154.0714,597.7394,1475.7268,447.14525,,,328.23815,,,75.4526,244.4576,1408.6539,154.0714,,
M-SMC-06282023-09     ,104.7534,210.805,252.3389,95.7118,37.7378,37.7377,89.7965,289.4592,219.8571,89.7967,289.4589,219.8571,92.3313,402.632,392.538,150.9413,92.3313,402.6322,392.5382,150.9413,663.6091,1458.7791,402.6321,,,289.45905,,,75.4755,255.0687,1273.701,150.9413,,
M-SMC-07262023-29     ,120.4656,193.0113,232.5319,103.9637,44.3671,44.3671,83.928,353.9891,272.7583,83.928,353.9892,272.7581,102.395,486.5712,469.596,167.3927,102.395,486.5709,469.596,167.3927,649.9725,1606.1397,486.57105,,,353.98915,,,88.7342,256.5902,1510.0849,167.3927,,
M-SMC-07262023-28     ,112.1209,183.454,184.0442,59.5813,39.5712,39.5712,92.9312,351.6843,247.3473,92.9313,351.6841,247.3472,97.0504,457.4461,442.6334,158.6564,97.0504,457.4462,442.6332,158.6562,539.2004,1439.2799,457.44615,,,351.6842,,,79.1424,265.0049,1463.0678,158.6563,,