session_name          ,Upper Body Height ,Standing Height ,Upper Leg Length A ,Upper Leg Length L ,Upper Leg Length R ,Upper Arm Length A ,Upper Arm L ,Upper Arm R ,Biacromial Breadth ,Bideltoid Width ,Wingspan  ,Foot Length A ,Foot Length L ,Foot Length R
M-SMC-06282023-13     ,         618.0306 ,      1431.5006 ,          400.5681 ,          400.5681 ,          400.5681 ,          323.7391 ,   323.739  ,   323.7392 ,           80.5646 ,       235.4248 ,1350.2853 ,     154.2468 ,     154.2468 ,     154.2469
M-SMC-06282023-13_001 ,         657.5802 ,      1471.0502 ,          400.568  ,          400.568  ,          400.568  ,          323.739  ,   323.739  ,   323.739  ,          131.7821 ,       286.6421 ,1401.5021 ,     154.2468 ,     154.2468 ,     154.2468
M-SMC-06282023-12     ,         619.2962 ,      1383.5824 ,          379.5851 ,          379.5851 ,          379.5851 ,          322.0662 ,   322.0662 ,   322.0661 ,           71.4788 ,       219.0687 ,1319.6073 ,     145.7612 ,     145.7612 ,     145.7612
M-SMC-06282023-10     ,         665.9579 ,      1541.6379 ,          479.613  ,          479.613  ,          479.613  ,          299.358  ,   299.358  ,   299.358  ,          147.2693 ,       389.9893 ,1562.7313 ,     156.5845 ,     156.5845 ,     156.5845
M-SMC-07262023-26     ,         674.0767 ,      1516.5667 ,          410.4921 ,          410.4921 ,          410.4921 ,          340.3632 ,   340.3632 ,   340.3632 ,           81.749  ,       240.9073 ,1452.5962 ,     158.5844 ,     158.5845 ,     158.5843
M-SMC-07262023-27     ,         686.8083 ,      1537.3844 ,          425.893  ,          425.893  ,          425.8931 ,          310.694  ,   310.6941 ,   310.6939 ,           77.393  ,       263.6991 ,1359.7351 ,     156.9486 ,     156.9485 ,     156.9486
M-SMC-06282023-11     ,         617.2405 ,      1371.1597 ,          375.4881 ,          375.4881 ,          375.4881 ,          279.8371 ,   279.8371 ,   279.8371 ,           72.8453 ,       237.8325 ,1287.0091 ,     145.1433 ,     145.1433 ,     145.1432
M-SMC-06272023-05     ,         593.9475 ,      1300.2055 ,          345.151  ,          345.151  ,          345.151  ,          260.02   ,   260.02   ,   260.02   ,          116.6922 ,       253.7472 ,1206.1732 ,     136.5323 ,     136.5323 ,     136.5323
M-SMC-07242023-18     ,         622.6524 ,      1416.2724 ,          376.362  ,          376.362  ,          376.3619 ,          287.3661 ,   287.3662 ,   287.3661 ,           71.7798 ,       239.7824 ,1267.915  ,     145.4092 ,     145.4092 ,     145.4093
M-SMC-07242023-19     ,         620.6993 ,      1437.2266 ,          419.991  ,          419.9911 ,          419.991  ,          285.6981 ,   285.6982 ,   285.6979 ,           77.6176 ,       258.9065 ,1285.6029 ,     150.7527 ,     150.7527 ,     150.7526
M-SMC-06272023-04     ,         654.739  ,      1619.4889 ,          529.3619 ,          529.3619 ,          529.3619 ,          391.1911 ,   391.1911 ,   391.1911 ,          119.0175 ,       307.5261 ,1537.8242 ,     167.5288 ,     167.5288 ,     167.5288
M-SMC-06272023-06     ,         657.2336 ,      1527.728  ,          429.8332 ,          429.8332 ,          429.8331 ,          340.7291 ,   340.7291 ,   340.7291 ,           80.3469 ,       242.7542 ,1426.3167 ,     162.1374 ,     162.1375 ,     162.1373
M-SMC-07242023-19_001 ,         620.6991 ,      1437.2264 ,          419.9912 ,          419.9911 ,          419.9912 ,          285.698  ,   285.698  ,   285.698  ,           77.6175 ,       258.9066 ,1285.603  ,     150.7528 ,     150.7527 ,     150.7528
M-SMC-06272023-07     ,         651.0854 ,      1547.0024 ,          453.33   ,          453.33   ,          453.33   ,          334.036  ,   334.0359 ,   334.0361 ,           81.2693 ,       281.1001 ,1474.2086 ,     158.7992 ,     158.7993 ,     158.7991
M-SMC-07262023-25-M   ,         516.9422 ,      1297.2914 ,          415.1601 ,          415.1601 ,          415.1602 ,          289.6972 ,   289.6973 ,   289.6972 ,           72.9694 ,       228.7594 ,1224.0983 ,     140.1735 ,     140.1735 ,     140.1736
M-SMC-06282023-11_001 ,         617.2406 ,      1371.1596 ,          375.4881 ,          375.4882 ,          375.4881 ,          279.8372 ,   279.8372 ,   279.8372 ,           72.8452 ,       237.8324 ,1287.0089 ,     145.1433 ,     145.1434 ,     145.1433
M-SMC-06292023-15     ,         632.3218 ,      1435.6226 ,          416.718  ,          416.7179 ,          416.7181 ,          315.9692 ,   315.9693 ,   315.9691 ,           74.3807 ,       255.0952 ,1389.0399 ,     150.5523 ,     150.5523 ,     150.5523
M-SMC-06292023-14     ,         621.8801 ,      1437.3133 ,          429.0381 ,          429.0381 ,          429.0381 ,          312.1271 ,   312.1271 ,   312.1272 ,           75.8654 ,       248.1569 ,1365.6353 ,     151.7238 ,     151.7239 ,     151.7237
M-SMC-06292023-16     ,         566.6869 ,      1330.4302 ,          411.7282 ,          411.7282 ,          411.7281 ,          298.9671 ,   298.967  ,   298.9671 ,           71.6915 ,       215.7048 ,1209.185  ,     141.0628 ,     141.0628 ,     141.0629
M-SMC-06292023-17     ,         614.1387 ,      1371.2419 ,          379.8162 ,          379.8162 ,          379.8161 ,          281.8911 ,   281.8911 ,   281.891  ,           71.9883 ,       217.6302 ,1219.1547 ,     145.4178 ,     145.4178 ,     145.4179
M-SMC-06272023-05_003 ,         593.9475 ,      1300.2055 ,          345.151  ,          345.151  ,          345.151  ,          260.02   ,   260.02   ,   260.02   ,          116.6922 ,       253.7472 ,1206.1732 ,     136.5323 ,     136.5323 ,     136.5323
M-SMC-07272023-31     ,         682.1416 ,      1549.5826 ,          424.374  ,          424.3741 ,          424.374  ,          322.7971 ,   322.7971 ,   322.7971 ,           85.5333 ,       276.1408 ,1431.3469 ,     162.2364 ,     162.2365 ,     162.2364
M-SMC-07272023-30     ,         704.2567 ,      1649.4477 ,          491.754  ,          491.754  ,          491.754  ,          351.645  ,   351.645  ,   351.645  ,          108.459  ,       277.3644 ,1483.0983 ,     167.6149 ,     167.6149 ,     167.6149
M-SMC-06272023-05_002 ,         554.4206 ,      1260.6788 ,          345.1511 ,          345.1512 ,          345.151  ,          260.0201 ,   260.0202 ,   260.02   ,           68.6354 ,       205.6906 ,1158.1172 ,     136.5324 ,     136.5324 ,     136.5324
M-SMC-07272023-32     ,         622.6572 ,      1469.2383 ,          388.3721 ,          388.3722 ,          388.372  ,          306.9433 ,   306.9431 ,   306.9435 ,           87.5359 ,       289.6239 ,1404.9466 ,     155.5199 ,     155.5198 ,     155.5199
M-SMC-07272023-33     ,         705.571  ,      1625.649  ,          429.131  ,          429.131  ,          429.1309 ,          315.0511 ,   315.051  ,   315.0511 ,           86.4566 ,       311.2366 ,1517.8149 ,     170.7778 ,     170.7777 ,     170.7778
M-SMC-06272023-05_001 ,         593.9475 ,      1300.2055 ,          345.151  ,          345.151  ,          345.151  ,          260.02   ,   260.02   ,   260.02   ,          116.6922 ,       253.7472 ,1206.1732 ,     136.5323 ,     136.5323 ,     136.5323
M-SMC-06272023-08     ,         566.8062 ,      1280.0455 ,          363.4131 ,          363.4132 ,          363.4131 ,          285.4242 ,   285.4242 ,   285.4242 ,           67.8613 ,       207.4056 ,1206.5462 ,     138.1126 ,     138.1126 ,     138.1126
M-SMC-07252023-22     ,         589.417  ,      1356.3021 ,          394.8721 ,          394.872  ,          394.8721 ,          282.119  ,   282.119  ,   282.119  ,           69.3438 ,       214.4786 ,1233.2048 ,     142.6607 ,     142.6607 ,     142.6606
M-SMC-07282023-35     ,         623.509  ,      1450.5881 ,          405.0211 ,          405.0212 ,          405.021  ,          315.0702 ,   315.0701 ,   315.0702 ,           75.5181 ,       281.742  ,1418.3225 ,     152.5031 ,     152.5032 ,     152.503
M-SMC-06262023-03     ,         568.9302 ,      1412.1202 ,          406.8331 ,          406.833  ,          406.8331 ,          318.3071 ,   318.307  ,   318.3072 ,           73.3078 ,       227.1672 ,1334.2756 ,     147.4744 ,     147.4744 ,     147.4744
M-SMC-06262023-02     ,         554.9992 ,      1300.975  ,          369.6249 ,          369.6249 ,          369.6248 ,          274.5449 ,   274.5449 ,   274.5449 ,           77.2836 ,       265.4428 ,1181.3848 ,     140.8077 ,     140.8078 ,     140.8077
M-SMC-07282023-34     ,         730.0625 ,      1489.9672 ,          361.9609 ,          361.9609 ,          361.9609 ,          301.26   ,   301.26   ,   301.26   ,           76.2119 ,       242.2261 ,1382.0703 ,     154.7405 ,     154.7404 ,     154.7406
M-SMC-07252023-20_001 ,         522.5509 ,      1401.216  ,          458.2002 ,          458.2002 ,          458.2002 ,          310.7651 ,   310.765  ,   310.7652 ,           75.302  ,       245.6961 ,1345.5065 ,     149.4668 ,     149.4668 ,     149.4668
M-SMC-07252023-23     ,         645.4787 ,      1478.0789 ,          419.0361 ,          419.0361 ,          419.0361 ,          299.4591 ,   299.4591 ,   299.4591 ,           84.0204 ,       236.0381 ,1331.7084 ,     151.2672 ,     151.2672 ,     151.2672
M-SMC-07252023-21     ,         597.4081 ,      1302.3248 ,          356.4499 ,          356.4499 ,          356.4499 ,          273.0651 ,   273.065  ,   273.0651 ,           68.6053 ,       207.354  ,1211.3524 ,     137.9601 ,     137.9602 ,     137.9601
M-SMC-07282023-36     ,         585.8684 ,      1435.6016 ,          418.2791 ,          418.2791 ,          418.2791 ,          289.4431 ,   289.4432 ,   289.443  ,           74.0441 ,       268.8421 ,1296.5405 ,     150.4518 ,     150.4518 ,     150.4518
M-SMC-06262023-01     ,         625.0113 ,      1457.1147 ,          423.2721 ,          423.2722 ,          423.2719 ,          317.5071 ,   317.5071 ,   317.5071 ,           77.0687 ,       228.3974 ,1343.3216 ,     150.9468 ,     150.9468 ,     150.9467
M-SMC-07252023-20     ,         522.551  ,      1401.2165 ,          458.2002 ,          458.2002 ,          458.2003 ,          310.7651 ,   310.765  ,   310.7652 ,           75.302  ,       245.696  ,1345.5067 ,     149.4669 ,     149.4669 ,     149.4668
M-SMC-07252023-24     ,         597.7394 ,      1475.7268 ,          447.1453 ,          447.1452 ,          447.1453 ,          328.2382 ,   328.2382 ,   328.2381 ,           75.4526 ,       244.4576 ,1408.654  ,     154.0714 ,     154.0714 ,     154.0714
M-SMC-06282023-09     ,         663.6091 ,      1458.7791 ,          402.6321 ,          402.632  ,          402.6322 ,          289.459  ,   289.4592 ,   289.4589 ,           75.4755 ,       255.0687 ,1273.701  ,     150.9413 ,     150.9413 ,     150.9413
M-SMC-07262023-29     ,         649.9724 ,      1606.1396 ,          486.571  ,          486.5712 ,          486.5709 ,          353.9891 ,   353.9891 ,   353.9892 ,           88.7342 ,       256.5901 ,1510.0848 ,     167.3927 ,     167.3927 ,     167.3927
M-SMC-07262023-28     ,         539.2004 ,      1439.2799 ,          457.4461 ,          457.4461 ,          457.4462 ,          351.6842 ,   351.6843 ,   351.6841 ,           79.1423 ,       265.0048 ,1463.0678 ,     158.6563 ,     158.6564 ,     158.6562
